Transaction ID,Date,Customer ID,Gender,Age,Product Category,Quantity,Price per Unit,Total Amount
T00001,2025-01-01 00:00:00.000000000,1102,Female,53,Home,1,2203,2203
T00002,2025-01-01 08:44:41.081081081,1179,Male,44,Electronics,1,465,465
T00003,2025-01-01 17:29:22.162162162,1092,Female,55,Electronics,3,3675,11025
T00004,2025-01-02 02:14:03.243243243,1014,Male,24,Electronics,3,4650,13950
T00005,2025-01-02 10:58:44.324324324,1106,Female,22,Clothing,1,4299,4299
T00006,2025-01-02 19:43:25.405405405,1071,Male,60,Clothing,3,4272,12816
T00007,2025-01-03 04:28:06.486486486,1188,Male,62,Beauty,2,4425,8850
T00008,2025-01-03 13:12:47.567567567,1020,Female,48,Electronics,4,2478,9912
T00009,2025-01-03 21:57:28.648648648,1102,Female,40,Home,4,1305,5220
T00010,2025-01-04 06:42:09.729729729,1121,Female,59,Home,4,3939,15756
T00011,2025-01-04 15:26:50.810810810,1074,Female,27,Electronics,2,2835,5670
T00012,2025-01-05 00:11:31.891891891,1087,Female,49,Electronics,3,3447,10341
T00013,2025-01-05 08:56:12.972972973,1116,Male,60,Electronics,5,1775,8875
T00014,2025-01-05 17:40:54.054054054,1099,Female,47,Clothing,3,398,1194
T00015,2025-01-06 02:25:35.135135135,1103,Male,56,Clothing,1,1056,1056
T00016,2025-01-06 11:10:16.216216216,1151,Male,48,Clothing,4,1214,4856
T00017,2025-01-06 19:54:57.297297297,1130,Female,35,Sports,3,2605,7815
T00018,2025-01-07 04:39:38.378378378,1149,Male,53,Home,5,1574,7870
T00019,2025-01-07 13:24:19.459459459,1052,Male,19,Home,1,4560,4560
T00020,2025-01-07 22:09:00.540540540,1001,Male,31,Beauty,2,4546,9092
T00021,2025-01-08 06:53:41.621621621,1087,Male,30,Clothing,2,3826,7652
T00022,2025-01-08 15:38:22.702702702,1157,Female,46,Sports,5,3571,17855
T00023,2025-01-09 00:23:03.783783783,1037,Male,29,Sports,1,2928,2928
T00024,2025-01-09 09:07:44.864864864,1129,Female,56,Home,4,2950,11800
T00025,2025-01-09 17:52:25.945945946,1191,Female,19,Clothing,3,2606,7818
T00026,2025-01-10 02:37:07.027027027,1187,Male,49,Beauty,1,3870,3870
T00027,2025-01-10 11:21:48.108108108,1020,Female,30,Clothing,2,3064,6128
T00028,2025-01-10 20:06:29.189189189,1160,Female,63,Electronics,5,4694,23470
T00029,2025-01-11 04:51:10.270270270,1057,Female,44,Clothing,5,1049,5245
T00030,2025-01-11 13:35:51.351351351,1021,Male,58,Electronics,3,4703,14109
T00031,2025-01-11 22:20:32.432432432,1088,Female,34,Electronics,5,2950,14750
T00032,2025-01-12 07:05:13.513513513,1048,Female,57,Beauty,5,265,1325
T00033,2025-01-12 15:49:54.594594594,1058,Female,48,Home,1,3586,3586
T00034,2025-01-13 00:34:35.675675675,1169,Male,51,Clothing,4,2609,10436
T00035,2025-01-13 09:19:16.756756756,1187,Female,41,Electronics,3,1019,3057
T00036,2025-01-13 18:03:57.837837837,1014,Male,62,Clothing,1,213,213
T00037,2025-01-14 02:48:38.918918919,1189,Male,52,Home,4,3604,14416
T00038,2025-01-14 11:33:20.000000000,1189,Male,23,Home,1,1091,1091
T00039,2025-01-14 20:18:01.081081081,1174,Male,36,Sports,1,3939,3939
T00040,2025-01-15 05:02:42.162162162,1189,Male,47,Home,5,1358,6790
T00041,2025-01-15 13:47:23.243243243,1050,Male,24,Beauty,4,3526,14104
T00042,2025-01-15 22:32:04.324324324,1107,Female,27,Electronics,3,614,1842
T00043,2025-01-16 07:16:45.405405405,1054,Male,58,Sports,3,4904,14712
T00044,2025-01-16 16:01:26.486486486,1063,Female,49,Beauty,4,3296,13184
T00045,2025-01-17 00:46:07.567567567,1130,Female,51,Clothing,5,4534,22670
T00046,2025-01-17 09:30:48.648648648,1050,Male,45,Electronics,2,2684,5368
T00047,2025-01-17 18:15:29.729729729,1134,Female,32,Home,1,167,167
T00048,2025-01-18 03:00:10.810810810,1020,Female,47,Electronics,5,1696,8480
T00049,2025-01-18 11:44:51.891891892,1072,Female,54,Clothing,4,4578,18312
T00050,2025-01-18 20:29:32.972972973,1166,Female,46,Sports,1,118,118
T00051,2025-01-19 05:14:14.054054054,1017,Male,39,Sports,3,2830,8490
T00052,2025-01-19 13:58:55.135135135,1131,Female,21,Sports,2,3621,7242
T00053,2025-01-19 22:43:36.216216216,1088,Male,37,Home,3,672,2016
T00054,2025-01-20 07:28:17.297297297,1059,Female,49,Beauty,4,2358,9432
T00055,2025-01-20 16:12:58.378378378,1013,Female,53,Beauty,1,3002,3002
T00056,2025-01-21 00:57:39.459459459,1008,Male,21,Electronics,4,750,3000
T00057,2025-01-21 09:42:20.540540540,1089,Female,44,Home,1,2687,2687
T00058,2025-01-21 18:27:01.621621621,1052,Female,34,Sports,5,3362,16810
T00059,2025-01-22 03:11:42.702702702,1129,Female,29,Sports,2,1438,2876
T00060,2025-01-22 11:56:23.783783783,1083,Male,39,Clothing,5,3734,18670
T00061,2025-01-22 20:41:04.864864865,1091,Female,34,Clothing,5,2927,14635
T00062,2025-01-23 05:25:45.945945946,1110,Male,27,Sports,4,2317,9268
T00063,2025-01-23 14:10:27.027027027,1187,Female,18,Sports,2,3639,7278
T00064,2025-01-23 22:55:08.108108108,1198,Male,39,Home,1,1137,1137
T00065,2025-01-24 07:39:49.189189189,1171,Male,43,Beauty,1,4483,4483
T00066,2025-01-24 16:24:30.270270270,1007,Female,35,Clothing,3,4078,12234
T00067,2025-01-25 01:09:11.351351351,1174,Female,31,Beauty,1,3061,3061
T00068,2025-01-25 09:53:52.432432432,1034,Male,64,Home,4,3326,13304
T00069,2025-01-25 18:38:33.513513513,1080,Male,46,Sports,5,1198,5990
T00070,2025-01-26 03:23:14.594594594,1163,Female,29,Beauty,5,2424,12120
T00071,2025-01-26 12:07:55.675675675,1049,Male,53,Sports,5,1039,5195
T00072,2025-01-26 20:52:36.756756756,1103,Female,52,Sports,2,3816,7632
T00073,2025-01-27 05:37:17.837837838,1131,Female,29,Electronics,1,3514,3514
T00074,2025-01-27 14:21:58.918918919,1001,Female,24,Beauty,4,1548,6192
T00075,2025-01-27 23:06:40.000000000,1133,Female,46,Beauty,2,670,1340
T00076,2025-01-28 07:51:21.081081081,1053,Male,28,Sports,3,3004,9012
T00077,2025-01-28 16:36:02.162162162,1105,Female,50,Home,4,2605,10420
T00078,2025-01-29 01:20:43.243243243,1003,Male,23,Electronics,4,1017,4068
T00079,2025-01-29 10:05:24.324324324,1053,Female,64,Sports,4,1974,7896
T00080,2025-01-29 18:50:05.405405405,1190,Male,32,Clothing,5,1778,8890
T00081,2025-01-30 03:34:46.486486486,1145,Female,49,Clothing,4,715,2860
T00082,2025-01-30 12:19:27.567567567,1043,Male,28,Electronics,1,4601,4601
T00083,2025-01-30 21:04:08.648648648,1161,Male,40,Home,4,1849,7396
T00084,2025-01-31 05:48:49.729729730,1189,Female,43,Sports,5,3925,19625
T00085,2025-01-31 14:33:30.810810811,1013,Female,51,Beauty,4,4288,17152
T00086,2025-01-31 23:18:11.891891892,1094,Female,63,Electronics,3,2577,7731
T00087,2025-02-01 08:02:52.972972973,1047,Female,51,Home,3,4849,14547
T00088,2025-02-01 16:47:34.054054054,1014,Male,46,Beauty,5,3605,18025
T00089,2025-02-02 01:32:15.135135135,1199,Female,21,Clothing,1,3575,3575
T00090,2025-02-02 10:16:56.216216216,1189,Male,34,Clothing,1,4629,4629
T00091,2025-02-02 19:01:37.297297297,1039,Male,52,Beauty,2,1235,2470
T00092,2025-02-03 03:46:18.378378378,1081,Female,30,Electronics,5,4100,20500
T00093,2025-02-03 12:30:59.459459459,1110,Male,58,Clothing,4,474,1896
T00094,2025-02-03 21:15:40.540540540,1052,Male,56,Sports,5,306,1530
T00095,2025-02-04 06:00:21.621621621,1023,Male,32,Beauty,2,4975,9950
T00096,2025-02-04 14:45:02.702702703,1153,Male,46,Beauty,5,1419,7095
T00097,2025-02-04 23:29:43.783783784,1187,Female,46,Clothing,5,1241,6205
T00098,2025-02-05 08:14:24.864864865,1123,Female,28,Electronics,2,4727,9454
T00099,2025-02-05 16:59:05.945945946,1040,Female,49,Sports,1,2790,2790
T00100,2025-02-06 01:43:47.027027027,1156,Female,19,Electronics,4,3355,13420
T00101,2025-02-06 10:28:28.108108108,1014,Male,64,Home,2,189,378
T00102,2025-02-06 19:13:09.189189189,1044,Male,31,Home,3,4208,12624
T00103,2025-02-07 03:57:50.270270270,1064,Female,37,Clothing,1,3120,3120
T00104,2025-02-07 12:42:31.351351351,1088,Female,39,Clothing,3,1957,5871
T00105,2025-02-07 21:27:12.432432432,1070,Female,28,Clothing,1,904,904
T00106,2025-02-08 06:11:53.513513513,1008,Male,44,Home,4,1044,4176
T00107,2025-02-08 14:56:34.594594594,1087,Female,20,Electronics,4,2889,11556
T00108,2025-02-08 23:41:15.675675676,1128,Female,34,Electronics,5,3975,19875
T00109,2025-02-09 08:25:56.756756757,1135,Female,61,Clothing,3,1710,5130
T00110,2025-02-09 17:10:37.837837838,1062,Male,45,Sports,1,3023,3023
T00111,2025-02-10 01:55:18.918918919,1138,Male,46,Electronics,4,3982,15928
T00112,2025-02-10 10:40:00.000000000,1080,Male,38,Home,2,3321,6642
T00113,2025-02-10 19:24:41.081081081,1135,Male,64,Beauty,4,4491,17964
T00114,2025-02-11 04:09:22.162162162,1162,Male,33,Beauty,2,4835,9670
T00115,2025-02-11 12:54:03.243243243,1162,Male,54,Beauty,1,2487,2487
T00116,2025-02-11 21:38:44.324324324,1032,Male,37,Sports,4,4823,19292
T00117,2025-02-12 06:23:25.405405405,1122,Male,23,Clothing,4,1041,4164
T00118,2025-02-12 15:08:06.486486486,1004,Female,36,Home,1,2666,2666
T00119,2025-02-12 23:52:47.567567567,1040,Female,22,Sports,4,1075,4300
T00120,2025-02-13 08:37:28.648648649,1027,Male,20,Home,2,1054,2108
T00121,2025-02-13 17:22:09.729729730,1134,Male,18,Home,4,1362,5448
T00122,2025-02-14 02:06:50.810810811,1071,Female,55,Clothing,3,1043,3129
T00123,2025-02-14 10:51:31.891891892,1011,Male,32,Beauty,5,2302,11510
T00124,2025-02-14 19:36:12.972972973,1161,Male,51,Clothing,2,3427,6854
T00125,2025-02-15 04:20:54.054054054,1032,Male,52,Sports,3,4374,13122
T00126,2025-02-15 13:05:35.135135135,1047,Female,42,Sports,1,2359,2359
T00127,2025-02-15 21:50:16.216216216,1150,Female,41,Sports,2,1928,3856
T00128,2025-02-16 06:34:57.297297297,1061,Female,29,Clothing,5,1357,6785
T00129,2025-02-16 15:19:38.378378378,1036,Female,35,Home,5,564,2820
T00130,2025-02-17 00:04:19.459459459,1098,Female,32,Home,1,3394,3394
T00131,2025-02-17 08:49:00.540540540,1171,Male,61,Electronics,1,1330,1330
T00132,2025-02-17 17:33:41.621621621,1103,Female,33,Sports,2,2754,5508
T00133,2025-02-18 02:18:22.702702703,1034,Male,44,Home,4,984,3936
T00134,2025-02-18 11:03:03.783783784,1192,Male,25,Electronics,1,3905,3905
T00135,2025-02-18 19:47:44.864864865,1100,Female,63,Home,4,3956,15824
T00136,2025-02-19 04:32:25.945945946,1174,Female,42,Sports,3,3235,9705
T00137,2025-02-19 13:17:07.027027027,1130,Male,34,Beauty,5,1024,5120
T00138,2025-02-19 22:01:48.108108108,1000,Male,46,Sports,4,4689,18756
T00139,2025-02-20 06:46:29.189189189,1004,Male,25,Clothing,5,1646,8230
T00140,2025-02-20 15:31:10.270270270,1141,Female,32,Home,4,1194,4776
T00141,2025-02-21 00:15:51.351351351,1102,Female,44,Home,3,2511,7533
T00142,2025-02-21 09:00:32.432432432,1026,Female,63,Clothing,1,2717,2717
T00143,2025-02-21 17:45:13.513513513,1136,Female,24,Clothing,3,862,2586
T00144,2025-02-22 02:29:54.594594594,1014,Female,20,Beauty,1,2423,2423
T00145,2025-02-22 11:14:35.675675676,1089,Male,46,Home,1,4245,4245
T00146,2025-02-22 19:59:16.756756757,1041,Female,61,Home,5,2875,14375
T00147,2025-02-23 04:43:57.837837838,1123,Male,41,Beauty,3,4759,14277
T00148,2025-02-23 13:28:38.918918919,1178,Male,20,Electronics,4,4978,19912
T00149,2025-02-23 22:13:20.000000000,1062,Male,37,Beauty,3,3255,9765
T00150,2025-02-24 06:58:01.081081081,1095,Female,63,Sports,5,4070,20350
T00151,2025-02-24 15:42:42.162162162,1051,Female,32,Home,1,2140,2140
T00152,2025-02-25 00:27:23.243243243,1095,Female,42,Clothing,5,683,3415
T00153,2025-02-25 09:12:04.324324324,1131,Male,47,Sports,2,4431,8862
T00154,2025-02-25 17:56:45.405405406,1150,Male,31,Home,2,2203,4406
T00155,2025-02-26 02:41:26.486486487,1142,Male,24,Beauty,4,2042,8168
T00156,2025-02-26 11:26:07.567567568,1170,Male,34,Sports,5,4555,22775
T00157,2025-02-26 20:10:48.648648649,1028,Male,61,Home,4,209,836
T00158,2025-02-27 04:55:29.729729730,1035,Male,37,Electronics,4,291,1164
T00159,2025-02-27 13:40:10.810810811,1012,Female,53,Electronics,2,1003,2006
T00160,2025-02-27 22:24:51.891891892,1159,Female,26,Clothing,4,961,3844
T00161,2025-02-28 07:09:32.972972973,1070,Female,55,Home,2,1183,2366
T00162,2025-02-28 15:54:14.054054054,1186,Female,39,Electronics,1,749,749
T00163,2025-03-01 00:38:55.135135135,1085,Male,19,Beauty,5,4234,21170
T00164,2025-03-01 09:23:36.216216216,1027,Male,41,Home,4,3711,14844
T00165,2025-03-01 18:08:17.297297297,1065,Female,25,Beauty,2,736,1472
T00166,2025-03-02 02:52:58.378378379,1169,Male,28,Beauty,3,1136,3408
T00167,2025-03-02 11:37:39.459459460,1044,Female,30,Electronics,4,4231,16924
T00168,2025-03-02 20:22:20.540540541,1061,Female,34,Home,1,2248,2248
T00169,2025-03-03 05:07:01.621621622,1184,Female,25,Sports,1,3965,3965
T00170,2025-03-03 13:51:42.702702703,1133,Male,38,Electronics,3,3257,9771
T00171,2025-03-03 22:36:23.783783784,1027,Female,35,Electronics,2,3687,7374
T00172,2025-03-04 07:21:04.864864865,1027,Female,47,Home,4,3394,13576
T00173,2025-03-04 16:05:45.945945946,1107,Female,35,Home,2,4361,8722
T00174,2025-03-05 00:50:27.027027027,1043,Male,63,Beauty,1,2530,2530
T00175,2025-03-05 09:35:08.108108108,1083,Male,64,Home,2,1979,3958
T00176,2025-03-05 18:19:49.189189189,1029,Female,48,Beauty,1,4066,4066
T00177,2025-03-06 03:04:30.270270270,1189,Male,55,Electronics,2,3813,7626
T00178,2025-03-06 11:49:11.351351352,1074,Male,49,Clothing,3,4226,12678
T00179,2025-03-06 20:33:52.432432433,1127,Male,28,Sports,5,4206,21030
T00180,2025-03-07 05:18:33.513513514,1091,Male,62,Electronics,3,2111,6333
T00181,2025-03-07 14:03:14.594594595,1189,Male,42,Home,3,3473,10419
T00182,2025-03-07 22:47:55.675675676,1128,Male,50,Sports,5,2243,11215
T00183,2025-03-08 07:32:36.756756757,1120,Male,55,Clothing,5,2600,13000
T00184,2025-03-08 16:17:17.837837838,1026,Male,58,Clothing,4,4681,18724
T00185,2025-03-09 01:01:58.918918919,1189,Male,25,Beauty,4,1389,5556
T00186,2025-03-09 09:46:40.000000000,1120,Male,28,Sports,3,1547,4641
T00187,2025-03-09 18:31:21.081081081,1115,Female,39,Beauty,3,3299,9897
T00188,2025-03-10 03:16:02.162162162,1002,Female,41,Electronics,1,2043,2043
T00189,2025-03-10 12:00:43.243243243,1102,Male,58,Sports,1,3283,3283
T00190,2025-03-10 20:45:24.324324325,1197,Female,34,Electronics,4,3316,13264
T00191,2025-03-11 05:30:05.405405406,1199,Female,29,Beauty,4,3236,12944
T00192,2025-03-11 14:14:46.486486487,1154,Male,63,Sports,1,3418,3418
T00193,2025-03-11 22:59:27.567567568,1136,Male,49,Beauty,1,2882,2882
T00194,2025-03-12 07:44:08.648648649,1061,Male,32,Sports,2,1090,2180
T00195,2025-03-12 16:28:49.729729730,1164,Female,33,Beauty,2,2253,4506
T00196,2025-03-13 01:13:30.810810811,1050,Female,39,Clothing,1,325,325
T00197,2025-03-13 09:58:11.891891892,1171,Male,45,Beauty,2,876,1752
T00198,2025-03-13 18:42:52.972972973,1151,Male,37,Clothing,5,2937,14685
T00199,2025-03-14 03:27:34.054054054,1058,Male,50,Beauty,4,787,3148
T00200,2025-03-14 12:12:15.135135135,1117,Female,27,Sports,4,629,2516
T00201,2025-03-14 20:56:56.216216216,1159,Female,57,Sports,1,3542,3542
T00202,2025-03-15 05:41:37.297297297,1095,Female,49,Sports,3,2253,6759
T00203,2025-03-15 14:26:18.378378379,1179,Female,50,Home,1,1394,1394
T00204,2025-03-15 23:10:59.459459460,1112,Male,19,Electronics,2,1626,3252
T00205,2025-03-16 07:55:40.540540541,1061,Male,50,Sports,3,4874,14622
T00206,2025-03-16 16:40:21.621621622,1185,Male,50,Clothing,2,2996,5992
T00207,2025-03-17 01:25:02.702702703,1051,Male,58,Sports,5,3203,16015
T00208,2025-03-17 10:09:43.783783784,1011,Female,30,Home,2,2540,5080
T00209,2025-03-17 18:54:24.864864865,1038,Female,47,Clothing,5,4235,21175
T00210,2025-03-18 03:39:05.945945946,1129,Male,50,Home,5,3902,19510
T00211,2025-03-18 12:23:47.027027027,1130,Male,30,Clothing,2,944,1888
T00212,2025-03-18 21:08:28.108108108,1112,Female,43,Beauty,2,546,1092
T00213,2025-03-19 05:53:09.189189189,1100,Male,39,Electronics,5,4015,20075
T00214,2025-03-19 14:37:50.270270270,1112,Female,56,Electronics,3,3209,9627
T00215,2025-03-19 23:22:31.351351352,1183,Male,19,Home,5,1334,6670
T00216,2025-03-20 08:07:12.432432433,1080,Male,55,Electronics,4,326,1304
T00217,2025-03-20 16:51:53.513513514,1186,Male,56,Home,5,4243,21215
T00218,2025-03-21 01:36:34.594594595,1112,Male,43,Home,3,3059,9177
T00219,2025-03-21 10:21:15.675675676,1001,Male,63,Home,4,1930,7720
T00220,2025-03-21 19:05:56.756756757,1129,Male,32,Electronics,1,3879,3879
T00221,2025-03-22 03:50:37.837837838,1053,Male,51,Home,1,286,286
T00222,2025-03-22 12:35:18.918918919,1086,Female,59,Electronics,3,2977,8931
T00223,2025-03-22 21:20:00.000000000,1128,Female,61,Home,5,2635,13175
T00224,2025-03-23 06:04:41.081081081,1146,Female,57,Sports,2,2032,4064
T00225,2025-03-23 14:49:22.162162162,1125,Female,28,Home,3,3024,9072
T00226,2025-03-23 23:34:03.243243243,1129,Female,20,Clothing,4,948,3792
T00227,2025-03-24 08:18:44.324324325,1052,Male,23,Home,4,2132,8528
T00228,2025-03-24 17:03:25.405405406,1171,Male,26,Beauty,1,1352,1352
T00229,2025-03-25 01:48:06.486486487,1159,Female,23,Home,4,1981,7924
T00230,2025-03-25 10:32:47.567567568,1197,Male,26,Clothing,3,369,1107
T00231,2025-03-25 19:17:28.648648649,1159,Female,56,Clothing,4,1730,6920
T00232,2025-03-26 04:02:09.729729730,1067,Female,48,Electronics,3,4505,13515
T00233,2025-03-26 12:46:50.810810811,1182,Male,49,Sports,2,3303,6606
T00234,2025-03-26 21:31:31.891891892,1183,Male,58,Home,1,1674,1674
T00235,2025-03-27 06:16:12.972972973,1122,Male,29,Electronics,4,2992,11968
T00236,2025-03-27 15:00:54.054054054,1144,Female,25,Sports,3,1795,5385
T00237,2025-03-27 23:45:35.135135135,1037,Male,25,Home,5,3358,16790
T00238,2025-03-28 08:30:16.216216216,1023,Female,45,Beauty,1,3362,3362
T00239,2025-03-28 17:14:57.297297298,1068,Female,37,Home,2,1545,3090
T00240,2025-03-29 01:59:38.378378379,1115,Female,64,Clothing,3,319,957
T00241,2025-03-29 10:44:19.459459460,1097,Male,24,Clothing,2,152,304
T00242,2025-03-29 19:29:00.540540541,1197,Male,28,Beauty,2,1857,3714
T00243,2025-03-30 04:13:41.621621622,1138,Female,37,Electronics,4,1766,7064
T00244,2025-03-30 12:58:22.702702703,1143,Male,33,Sports,4,2885,11540
T00245,2025-03-30 21:43:03.783783784,1096,Male,21,Home,3,819,2457
T00246,2025-03-31 06:27:44.864864865,1123,Male,23,Clothing,5,505,2525
T00247,2025-03-31 15:12:25.945945946,1186,Female,39,Electronics,3,2394,7182
T00248,2025-03-31 23:57:07.027027027,1069,Female,43,Beauty,5,171,855
T00249,2025-04-01 08:41:48.108108108,1092,Male,20,Clothing,2,2153,4306
T00250,2025-04-01 17:26:29.189189189,1002,Female,58,Beauty,1,1329,1329
T00251,2025-04-02 02:11:10.270270271,1147,Male,59,Home,3,1667,5001
T00252,2025-04-02 10:55:51.351351352,1186,Male,31,Sports,3,3782,11346
T00253,2025-04-02 19:40:32.432432433,1163,Male,28,Clothing,5,3053,15265
T00254,2025-04-03 04:25:13.513513514,1146,Male,35,Clothing,2,4582,9164
T00255,2025-04-03 13:09:54.594594595,1089,Female,29,Home,2,798,1596
T00256,2025-04-03 21:54:35.675675676,1194,Female,40,Electronics,5,926,4630
T00257,2025-04-04 06:39:16.756756757,1146,Female,29,Sports,2,448,896
T00258,2025-04-04 15:23:57.837837838,1147,Male,30,Clothing,4,4008,16032
T00259,2025-04-05 00:08:38.918918919,1095,Male,42,Sports,1,407,407
T00260,2025-04-05 08:53:20.000000000,1198,Male,62,Clothing,3,3516,10548
T00261,2025-04-05 17:38:01.081081081,1051,Female,36,Sports,1,2434,2434
T00262,2025-04-06 02:22:42.162162162,1160,Male,63,Beauty,3,4961,14883
T00263,2025-04-06 11:07:23.243243243,1167,Female,53,Clothing,4,4920,19680
T00264,2025-04-06 19:52:04.324324325,1127,Female,62,Sports,2,2909,5818
T00265,2025-04-07 04:36:45.405405406,1038,Female,25,Electronics,5,3658,18290
T00266,2025-04-07 13:21:26.486486487,1081,Female,46,Beauty,4,4578,18312
T00267,2025-04-07 22:06:07.567567568,1103,Female,49,Beauty,1,3577,3577
T00268,2025-04-08 06:50:48.648648649,1128,Female,61,Electronics,5,4720,23600
T00269,2025-04-08 15:35:29.729729730,1010,Male,35,Sports,2,2786,5572
T00270,2025-04-09 00:20:10.810810811,1184,Male,23,Home,4,3085,12340
T00271,2025-04-09 09:04:51.891891892,1177,Female,35,Electronics,5,375,1875
T00272,2025-04-09 17:49:32.972972973,1150,Female,36,Sports,4,2647,10588
T00273,2025-04-10 02:34:14.054054054,1158,Male,39,Electronics,4,2864,11456
T00274,2025-04-10 11:18:55.135135135,1041,Female,54,Electronics,2,436,872
T00275,2025-04-10 20:03:36.216216216,1098,Female,49,Clothing,3,2073,6219
T00276,2025-04-11 04:48:17.297297298,1006,Male,58,Sports,5,3079,15395
T00277,2025-04-11 13:32:58.378378379,1143,Female,20,Home,2,4676,9352
T00278,2025-04-11 22:17:39.459459460,1089,Female,45,Clothing,4,4068,16272
T00279,2025-04-12 07:02:20.540540541,1111,Female,27,Electronics,2,1010,2020
T00280,2025-04-12 15:47:01.621621622,1059,Male,52,Electronics,3,2096,6288
T00281,2025-04-13 00:31:42.702702703,1112,Male,46,Electronics,5,3229,16145
T00282,2025-04-13 09:16:23.783783784,1001,Male,32,Sports,3,4304,12912
T00283,2025-04-13 18:01:04.864864865,1128,Female,50,Sports,1,3857,3857
T00284,2025-04-14 02:45:45.945945946,1047,Female,24,Clothing,5,427,2135
T00285,2025-04-14 11:30:27.027027027,1139,Male,29,Home,3,1899,5697
T00286,2025-04-14 20:15:08.108108108,1196,Female,47,Clothing,4,414,1656
T00287,2025-04-15 04:59:49.189189189,1036,Female,38,Beauty,5,3645,18225
T00288,2025-04-15 13:44:30.270270270,1159,Female,48,Electronics,5,1234,6170
T00289,2025-04-15 22:29:11.351351352,1008,Female,41,Electronics,2,2846,5692
T00290,2025-04-16 07:13:52.432432432,1098,Female,37,Electronics,4,4976,19904
T00291,2025-04-16 15:58:33.513513514,1146,Male,54,Clothing,1,1620,1620
T00292,2025-04-17 00:43:14.594594594,1047,Female,21,Clothing,3,255,765
T00293,2025-04-17 09:27:55.675675676,1130,Male,45,Electronics,2,1824,3648
T00294,2025-04-17 18:12:36.756756758,1147,Female,61,Clothing,3,3443,10329
T00295,2025-04-18 02:57:17.837837838,1151,Male,37,Sports,1,986,986
T00296,2025-04-18 11:41:58.918918920,1053,Female,41,Sports,1,3173,3173
T00297,2025-04-18 20:26:40.000000000,1119,Male,49,Clothing,5,2905,14525
T00298,2025-04-19 05:11:21.081081082,1160,Female,58,Electronics,1,821,821
T00299,2025-04-19 13:56:02.162162162,1151,Male,53,Clothing,3,1012,3036
T00300,2025-04-19 22:40:43.243243244,1115,Female,51,Clothing,4,3457,13828
T00301,2025-04-20 07:25:24.324324324,1074,Male,53,Clothing,4,970,3880
T00302,2025-04-20 16:10:05.405405406,1112,Female,19,Beauty,5,4208,21040
T00303,2025-04-21 00:54:46.486486486,1199,Male,32,Sports,3,597,1791
T00304,2025-04-21 09:39:27.567567568,1163,Male,51,Home,3,1856,5568
T00305,2025-04-21 18:24:08.648648648,1165,Female,53,Home,1,1217,1217
T00306,2025-04-22 03:08:49.729729730,1103,Female,23,Beauty,3,3509,10527
T00307,2025-04-22 11:53:30.810810812,1083,Male,56,Clothing,2,2928,5856
T00308,2025-04-22 20:38:11.891891892,1111,Female,59,Beauty,1,1747,1747
T00309,2025-04-23 05:22:52.972972974,1098,Male,29,Beauty,2,3083,6166
T00310,2025-04-23 14:07:34.054054054,1152,Male,20,Electronics,5,242,1210
T00311,2025-04-23 22:52:15.135135136,1092,Male,62,Sports,4,2861,11444
T00312,2025-04-24 07:36:56.216216216,1145,Female,35,Home,5,3535,17675
T00313,2025-04-24 16:21:37.297297298,1127,Male,57,Clothing,4,4760,19040
T00314,2025-04-25 01:06:18.378378378,1109,Male,38,Home,5,2531,12655
T00315,2025-04-25 09:50:59.459459460,1081,Female,32,Home,3,4612,13836
T00316,2025-04-25 18:35:40.540540540,1193,Female,50,Sports,2,1948,3896
T00317,2025-04-26 03:20:21.621621622,1053,Female,52,Home,4,2796,11184
T00318,2025-04-26 12:05:02.702702704,1162,Female,43,Home,1,1817,1817
T00319,2025-04-26 20:49:43.783783784,1188,Male,25,Beauty,2,3172,6344
T00320,2025-04-27 05:34:24.864864866,1168,Male,53,Sports,1,1167,1167
T00321,2025-04-27 14:19:05.945945946,1160,Male,47,Electronics,2,2886,5772
T00322,2025-04-27 23:03:47.027027028,1067,Male,40,Clothing,2,3891,7782
T00323,2025-04-28 07:48:28.108108108,1032,Female,59,Home,5,1388,6940
T00324,2025-04-28 16:33:09.189189190,1141,Male,61,Clothing,4,3971,15884
T00325,2025-04-29 01:17:50.270270270,1020,Male,31,Electronics,4,1906,7624
T00326,2025-04-29 10:02:31.351351352,1047,Female,31,Clothing,2,1604,3208
T00327,2025-04-29 18:47:12.432432432,1147,Male,19,Electronics,3,3408,10224
T00328,2025-04-30 03:31:53.513513514,1127,Male,54,Beauty,3,3051,9153
T00329,2025-04-30 12:16:34.594594594,1135,Male,22,Home,1,171,171
T00330,2025-04-30 21:01:15.675675676,1134,Male,55,Electronics,1,1790,1790
T00331,2025-05-01 05:45:56.756756758,1194,Male,62,Clothing,5,1444,7220
T00332,2025-05-01 14:30:37.837837838,1144,Male,58,Home,2,3403,6806
T00333,2025-05-01 23:15:18.918918920,1127,Female,64,Beauty,1,3213,3213
T00334,2025-05-02 08:00:00.000000000,1032,Female,31,Home,1,982,982
T00335,2025-05-02 16:44:41.081081082,1175,Male,56,Electronics,2,4334,8668
T00336,2025-05-03 01:29:22.162162162,1186,Male,42,Beauty,5,2762,13810
T00337,2025-05-03 10:14:03.243243244,1114,Female,37,Clothing,1,1604,1604
T00338,2025-05-03 18:58:44.324324324,1118,Male,19,Beauty,5,2563,12815
T00339,2025-05-04 03:43:25.405405406,1021,Male,56,Beauty,4,2653,10612
T00340,2025-05-04 12:28:06.486486486,1157,Male,23,Sports,5,832,4160
T00341,2025-05-04 21:12:47.567567568,1037,Female,34,Beauty,3,1848,5544
T00342,2025-05-05 05:57:28.648648648,1108,Male,42,Beauty,3,4024,12072
T00343,2025-05-05 14:42:09.729729730,1050,Female,45,Home,5,523,2615
T00344,2025-05-05 23:26:50.810810812,1181,Male,19,Clothing,3,3578,10734
T00345,2025-05-06 08:11:31.891891892,1007,Female,52,Home,4,1691,6764
T00346,2025-05-06 16:56:12.972972974,1026,Female,54,Home,2,4585,9170
T00347,2025-05-07 01:40:54.054054054,1026,Male,22,Electronics,3,4537,13611
T00348,2025-05-07 10:25:35.135135136,1020,Female,18,Home,3,4809,14427
T00349,2025-05-07 19:10:16.216216216,1029,Male,57,Sports,5,592,2960
T00350,2025-05-08 03:54:57.297297298,1096,Female,29,Sports,4,291,1164
T00351,2025-05-08 12:39:38.378378378,1027,Male,53,Electronics,2,598,1196
T00352,2025-05-08 21:24:19.459459460,1110,Male,62,Clothing,5,1356,6780
T00353,2025-05-09 06:09:00.540540540,1191,Female,40,Clothing,5,2068,10340
T00354,2025-05-09 14:53:41.621621622,1196,Male,64,Home,4,4422,17688
T00355,2025-05-09 23:38:22.702702704,1060,Male,48,Home,2,2286,4572
T00356,2025-05-10 08:23:03.783783784,1047,Female,28,Home,4,916,3664
T00357,2025-05-10 17:07:44.864864866,1146,Male,27,Clothing,2,3320,6640
T00358,2025-05-11 01:52:25.945945946,1003,Male,20,Beauty,4,1573,6292
T00359,2025-05-11 10:37:07.027027028,1034,Female,31,Sports,5,1186,5930
T00360,2025-05-11 19:21:48.108108108,1191,Female,33,Beauty,5,4299,21495
T00361,2025-05-12 04:06:29.189189190,1048,Male,27,Beauty,1,1974,1974
T00362,2025-05-12 12:51:10.270270270,1016,Male,46,Clothing,3,970,2910
T00363,2025-05-12 21:35:51.351351352,1171,Female,27,Beauty,4,4863,19452
T00364,2025-05-13 06:20:32.432432432,1157,Female,29,Electronics,1,2142,2142
T00365,2025-05-13 15:05:13.513513514,1045,Male,47,Home,3,372,1116
T00366,2025-05-13 23:49:54.594594594,1116,Female,58,Electronics,4,1129,4516
T00367,2025-05-14 08:34:35.675675676,1005,Male,18,Sports,2,3318,6636
T00368,2025-05-14 17:19:16.756756758,1098,Male,22,Home,3,4169,12507
T00369,2025-05-15 02:03:57.837837838,1123,Male,37,Beauty,5,1151,5755
T00370,2025-05-15 10:48:38.918918920,1036,Male,25,Sports,1,4133,4133
T00371,2025-05-15 19:33:20.000000000,1023,Male,60,Home,3,1673,5019
T00372,2025-05-16 04:18:01.081081082,1092,Female,29,Beauty,3,3290,9870
T00373,2025-05-16 13:02:42.162162162,1045,Female,18,Electronics,5,4488,22440
T00374,2025-05-16 21:47:23.243243244,1180,Female,37,Home,4,3897,15588
T00375,2025-05-17 06:32:04.324324324,1094,Female,45,Beauty,2,3389,6778
T00376,2025-05-17 15:16:45.405405406,1098,Male,60,Electronics,5,3847,19235
T00377,2025-05-18 00:01:26.486486486,1187,Male,54,Sports,2,2205,4410
T00378,2025-05-18 08:46:07.567567568,1115,Male,64,Sports,4,407,1628
T00379,2025-05-18 17:30:48.648648650,1190,Male,54,Sports,3,3459,10377
T00380,2025-05-19 02:15:29.729729730,1159,Female,29,Sports,2,3276,6552
T00381,2025-05-19 11:00:10.810810812,1160,Male,54,Clothing,1,1351,1351
T00382,2025-05-19 19:44:51.891891892,1066,Male,61,Home,1,2847,2847
T00383,2025-05-20 04:29:32.972972974,1127,Female,45,Home,5,1617,8085
T00384,2025-05-20 13:14:14.054054054,1017,Female,64,Clothing,4,1478,5912
T00385,2025-05-20 21:58:55.135135136,1024,Female,32,Beauty,5,4991,24955
T00386,2025-05-21 06:43:36.216216216,1053,Female,23,Beauty,5,2061,10305
T00387,2025-05-21 15:28:17.297297298,1057,Male,61,Sports,5,4405,22025
T00388,2025-05-22 00:12:58.378378378,1066,Male,37,Electronics,1,2963,2963
T00389,2025-05-22 08:57:39.459459460,1103,Female,31,Beauty,1,2756,2756
T00390,2025-05-22 17:42:20.540540540,1173,Male,19,Electronics,5,2594,12970
T00391,2025-05-23 02:27:01.621621622,1023,Male,26,Home,1,4667,4667
T00392,2025-05-23 11:11:42.702702704,1113,Male,54,Electronics,4,4105,16420
T00393,2025-05-23 19:56:23.783783784,1031,Female,37,Home,5,3663,18315
T00394,2025-05-24 04:41:04.864864866,1174,Male,43,Clothing,1,1022,1022
T00395,2025-05-24 13:25:45.945945946,1085,Female,46,Clothing,2,4332,8664
T00396,2025-05-24 22:10:27.027027028,1150,Male,18,Sports,5,4562,22810
T00397,2025-05-25 06:55:08.108108108,1193,Male,52,Beauty,5,3059,15295
T00398,2025-05-25 15:39:49.189189190,1126,Male,23,Sports,4,283,1132
T00399,2025-05-26 00:24:30.270270270,1154,Female,54,Home,3,3458,10374
T00400,2025-05-26 09:09:11.351351352,1129,Male,22,Sports,3,1498,4494
T00401,2025-05-26 17:53:52.432432432,1016,Female,50,Electronics,4,2896,11584
T00402,2025-05-27 02:38:33.513513514,1103,Female,31,Home,4,636,2544
T00403,2025-05-27 11:23:14.594594594,1160,Female,29,Clothing,4,1373,5492
T00404,2025-05-27 20:07:55.675675676,1136,Male,59,Beauty,3,3067,9201
T00405,2025-05-28 04:52:36.756756758,1042,Male,37,Home,4,3149,12596
T00406,2025-05-28 13:37:17.837837838,1175,Male,41,Home,1,1196,1196
T00407,2025-05-28 22:21:58.918918920,1038,Male,60,Electronics,5,1405,7025
T00408,2025-05-29 07:06:40.000000000,1169,Female,51,Beauty,5,1015,5075
T00409,2025-05-29 15:51:21.081081082,1025,Female,42,Clothing,2,3181,6362
T00410,2025-05-30 00:36:02.162162162,1098,Female,46,Home,2,4347,8694
T00411,2025-05-30 09:20:43.243243244,1049,Male,56,Home,5,1128,5640
T00412,2025-05-30 18:05:24.324324324,1152,Female,48,Electronics,1,2077,2077
T00413,2025-05-31 02:50:05.405405406,1151,Male,64,Sports,3,3454,10362
T00414,2025-05-31 11:34:46.486486486,1012,Female,60,Clothing,3,2611,7833
T00415,2025-05-31 20:19:27.567567568,1059,Male,40,Beauty,1,370,370
T00416,2025-06-01 05:04:08.648648650,1134,Male,61,Home,3,1286,3858
T00417,2025-06-01 13:48:49.729729730,1056,Female,55,Home,4,4655,18620
T00418,2025-06-01 22:33:30.810810812,1035,Female,37,Clothing,5,4300,21500
T00419,2025-06-02 07:18:11.891891892,1172,Female,40,Sports,5,3864,19320
T00420,2025-06-02 16:02:52.972972974,1019,Female,62,Home,1,2498,2498
T00421,2025-06-03 00:47:34.054054054,1064,Male,33,Clothing,3,4629,13887
T00422,2025-06-03 09:32:15.135135136,1007,Female,59,Electronics,2,4335,8670
T00423,2025-06-03 18:16:56.216216216,1143,Female,25,Sports,2,4282,8564
T00424,2025-06-04 03:01:37.297297298,1141,Female,38,Beauty,3,1811,5433
T00425,2025-06-04 11:46:18.378378378,1114,Male,18,Home,2,2330,4660
T00426,2025-06-04 20:30:59.459459460,1142,Male,25,Clothing,1,228,228
T00427,2025-06-05 05:15:40.540540540,1091,Female,46,Electronics,1,1369,1369
T00428,2025-06-05 14:00:21.621621622,1097,Male,49,Beauty,3,3772,11316
T00429,2025-06-05 22:45:02.702702704,1065,Female,55,Clothing,2,1701,3402
T00430,2025-06-06 07:29:43.783783784,1031,Male,22,Clothing,1,4865,4865
T00431,2025-06-06 16:14:24.864864866,1190,Male,64,Beauty,1,4070,4070
T00432,2025-06-07 00:59:05.945945946,1085,Male,39,Electronics,4,4344,17376
T00433,2025-06-07 09:43:47.027027028,1050,Male,64,Electronics,4,727,2908
T00434,2025-06-07 18:28:28.108108108,1152,Female,51,Sports,1,3897,3897
T00435,2025-06-08 03:13:09.189189190,1185,Female,18,Home,3,2144,6432
T00436,2025-06-08 11:57:50.270270270,1062,Female,43,Beauty,5,3652,18260
T00437,2025-06-08 20:42:31.351351352,1189,Male,60,Beauty,5,2441,12205
T00438,2025-06-09 05:27:12.432432432,1124,Female,27,Beauty,1,3314,3314
T00439,2025-06-09 14:11:53.513513514,1149,Female,47,Electronics,1,349,349
T00440,2025-06-09 22:56:34.594594596,1057,Female,35,Home,1,3025,3025
T00441,2025-06-10 07:41:15.675675676,1057,Male,34,Sports,3,1074,3222
T00442,2025-06-10 16:25:56.756756758,1085,Male,43,Clothing,4,1425,5700
T00443,2025-06-11 01:10:37.837837838,1048,Male,25,Clothing,1,1083,1083
T00444,2025-06-11 09:55:18.918918920,1179,Female,64,Beauty,1,988,988
T00445,2025-06-11 18:40:00.000000000,1169,Female,57,Home,2,3037,6074
T00446,2025-06-12 03:24:41.081081082,1069,Female,29,Electronics,3,2217,6651
T00447,2025-06-12 12:09:22.162162162,1014,Male,44,Home,1,2772,2772
T00448,2025-06-12 20:54:03.243243244,1053,Male,25,Home,2,1426,2852
T00449,2025-06-13 05:38:44.324324324,1187,Female,42,Electronics,5,570,2850
T00450,2025-06-13 14:23:25.405405406,1100,Male,63,Beauty,1,2087,2087
T00451,2025-06-13 23:08:06.486486486,1007,Male,21,Home,1,190,190
T00452,2025-06-14 07:52:47.567567568,1052,Male,50,Clothing,2,629,1258
T00453,2025-06-14 16:37:28.648648650,1059,Male,18,Electronics,3,4856,14568
T00454,2025-06-15 01:22:09.729729730,1107,Female,36,Sports,1,4159,4159
T00455,2025-06-15 10:06:50.810810812,1004,Male,48,Beauty,5,4934,24670
T00456,2025-06-15 18:51:31.891891892,1102,Male,33,Electronics,1,2873,2873
T00457,2025-06-16 03:36:12.972972974,1195,Male,31,Sports,5,1786,8930
T00458,2025-06-16 12:20:54.054054054,1005,Male,22,Sports,4,291,1164
T00459,2025-06-16 21:05:35.135135136,1108,Female,58,Home,4,2086,8344
T00460,2025-06-17 05:50:16.216216216,1115,Female,43,Home,5,3723,18615
T00461,2025-06-17 14:34:57.297297298,1093,Male,45,Home,3,2285,6855
T00462,2025-06-17 23:19:38.378378378,1046,Male,19,Electronics,1,4540,4540
T00463,2025-06-18 08:04:19.459459460,1098,Male,23,Electronics,1,1108,1108
T00464,2025-06-18 16:49:00.540540540,1054,Male,26,Beauty,4,3883,15532
T00465,2025-06-19 01:33:41.621621622,1167,Male,50,Home,5,4398,21990
T00466,2025-06-19 10:18:22.702702704,1051,Male,58,Sports,1,4768,4768
T00467,2025-06-19 19:03:03.783783784,1143,Female,42,Clothing,1,4387,4387
T00468,2025-06-20 03:47:44.864864866,1012,Male,30,Beauty,3,2152,6456
T00469,2025-06-20 12:32:25.945945946,1113,Female,26,Electronics,2,3408,6816
T00470,2025-06-20 21:17:07.027027028,1123,Female,30,Beauty,4,1816,7264
T00471,2025-06-21 06:01:48.108108108,1105,Male,48,Beauty,4,410,1640
T00472,2025-06-21 14:46:29.189189190,1157,Female,58,Beauty,2,4638,9276
T00473,2025-06-21 23:31:10.270270270,1146,Female,28,Beauty,1,1360,1360
T00474,2025-06-22 08:15:51.351351352,1144,Female,21,Clothing,3,4032,12096
T00475,2025-06-22 17:00:32.432432432,1119,Female,51,Home,3,3368,10104
T00476,2025-06-23 01:45:13.513513514,1062,Female,55,Sports,4,684,2736
T00477,2025-06-23 10:29:54.594594596,1018,Female,63,Beauty,3,2899,8697
T00478,2025-06-23 19:14:35.675675676,1091,Male,21,Beauty,2,459,918
T00479,2025-06-24 03:59:16.756756758,1057,Female,55,Beauty,1,2966,2966
T00480,2025-06-24 12:43:57.837837838,1182,Female,36,Home,2,2111,4222
T00481,2025-06-24 21:28:38.918918920,1089,Female,23,Electronics,5,4106,20530
T00482,2025-06-25 06:13:20.000000000,1116,Male,51,Electronics,4,1725,6900
T00483,2025-06-25 14:58:01.081081082,1061,Female,35,Clothing,3,2864,8592
T00484,2025-06-25 23:42:42.162162162,1022,Male,30,Electronics,5,990,4950
T00485,2025-06-26 08:27:23.243243244,1126,Female,58,Beauty,3,831,2493
T00486,2025-06-26 17:12:04.324324324,1136,Male,40,Beauty,1,4061,4061
T00487,2025-06-27 01:56:45.405405406,1139,Male,36,Beauty,1,4801,4801
T00488,2025-06-27 10:41:26.486486486,1128,Female,62,Clothing,1,2604,2604
T00489,2025-06-27 19:26:07.567567568,1057,Female,28,Beauty,3,714,2142
T00490,2025-06-28 04:10:48.648648650,1121,Male,18,Electronics,5,3906,19530
T00491,2025-06-28 12:55:29.729729730,1000,Female,41,Home,1,1819,1819
T00492,2025-06-28 21:40:10.810810812,1033,Male,24,Home,5,4869,24345
T00493,2025-06-29 06:24:51.891891892,1095,Male,42,Sports,3,1687,5061
T00494,2025-06-29 15:09:32.972972974,1125,Male,38,Electronics,5,1711,8555
T00495,2025-06-29 23:54:14.054054054,1117,Male,32,Beauty,3,996,2988
T00496,2025-06-30 08:38:55.135135136,1047,Male,18,Home,3,377,1131
T00497,2025-06-30 17:23:36.216216216,1088,Female,29,Electronics,4,4747,18988
T00498,2025-07-01 02:08:17.297297298,1116,Male,24,Home,3,1736,5208
T00499,2025-07-01 10:52:58.378378378,1128,Male,32,Beauty,3,2258,6774
T00500,2025-07-01 19:37:39.459459460,1015,Female,38,Home,2,2532,5064
T00501,2025-07-02 04:22:20.540540542,1188,Male,36,Sports,1,4004,4004
T00502,2025-07-02 13:07:01.621621622,1191,Female,46,Sports,4,4956,19824
T00503,2025-07-02 21:51:42.702702704,1190,Female,42,Home,4,3362,13448
T00504,2025-07-03 06:36:23.783783784,1068,Female,50,Electronics,4,1549,6196
T00505,2025-07-03 15:21:04.864864866,1021,Male,49,Electronics,2,4600,9200
T00506,2025-07-04 00:05:45.945945946,1092,Male,52,Electronics,3,1332,3996
T00507,2025-07-04 08:50:27.027027028,1194,Male,61,Home,1,4217,4217
T00508,2025-07-04 17:35:08.108108108,1075,Female,55,Electronics,5,777,3885
T00509,2025-07-05 02:19:49.189189190,1153,Male,43,Beauty,3,2758,8274
T00510,2025-07-05 11:04:30.270270270,1143,Female,28,Sports,2,2128,4256
T00511,2025-07-05 19:49:11.351351352,1178,Male,52,Beauty,3,3858,11574
T00512,2025-07-06 04:33:52.432432432,1085,Female,25,Electronics,3,4724,14172
T00513,2025-07-06 13:18:33.513513514,1184,Male,63,Beauty,2,2137,4274
T00514,2025-07-06 22:03:14.594594596,1028,Male,31,Electronics,4,2749,10996
T00515,2025-07-07 06:47:55.675675676,1068,Male,27,Home,4,756,3024
T00516,2025-07-07 15:32:36.756756758,1046,Female,19,Beauty,1,265,265
T00517,2025-07-08 00:17:17.837837838,1093,Female,63,Home,1,4691,4691
T00518,2025-07-08 09:01:58.918918920,1189,Male,26,Home,4,689,2756
T00519,2025-07-08 17:46:40.000000000,1196,Male,20,Clothing,5,4624,23120
T00520,2025-07-09 02:31:21.081081082,1143,Female,38,Electronics,3,2921,8763
T00521,2025-07-09 11:16:02.162162162,1175,Female,43,Sports,5,4358,21790
T00522,2025-07-09 20:00:43.243243244,1084,Female,25,Electronics,3,1362,4086
T00523,2025-07-10 04:45:24.324324324,1038,Male,19,Sports,4,171,684
T00524,2025-07-10 13:30:05.405405406,1099,Female,23,Electronics,1,3616,3616
T00525,2025-07-10 22:14:46.486486486,1032,Male,45,Home,1,4850,4850
T00526,2025-07-11 06:59:27.567567568,1100,Female,46,Beauty,5,3680,18400
T00527,2025-07-11 15:44:08.648648650,1022,Male,43,Beauty,1,368,368
T00528,2025-07-12 00:28:49.729729730,1009,Female,42,Clothing,4,1876,7504
T00529,2025-07-12 09:13:30.810810812,1068,Female,29,Sports,5,2562,12810
T00530,2025-07-12 17:58:11.891891892,1099,Female,22,Sports,3,1368,4104
T00531,2025-07-13 02:42:52.972972974,1033,Female,51,Sports,1,1115,1115
T00532,2025-07-13 11:27:34.054054054,1179,Female,54,Home,2,2822,5644
T00533,2025-07-13 20:12:15.135135136,1137,Male,32,Sports,1,1183,1183
T00534,2025-07-14 04:56:56.216216216,1146,Female,61,Beauty,3,4201,12603
T00535,2025-07-14 13:41:37.297297298,1185,Female,53,Home,5,506,2530
T00536,2025-07-14 22:26:18.378378378,1095,Female,32,Electronics,3,3176,9528
T00537,2025-07-15 07:10:59.459459460,1000,Male,60,Sports,2,1085,2170
T00538,2025-07-15 15:55:40.540540542,1068,Female,40,Sports,4,3703,14812
T00539,2025-07-16 00:40:21.621621622,1003,Male,23,Electronics,1,4585,4585
T00540,2025-07-16 09:25:02.702702704,1015,Female,63,Sports,5,809,4045
T00541,2025-07-16 18:09:43.783783784,1023,Female,61,Electronics,4,2718,10872
T00542,2025-07-17 02:54:24.864864866,1079,Male,60,Home,3,4949,14847
T00543,2025-07-17 11:39:05.945945946,1001,Female,62,Beauty,5,1511,7555
T00544,2025-07-17 20:23:47.027027028,1127,Male,38,Electronics,4,4721,18884
T00545,2025-07-18 05:08:28.108108108,1159,Male,40,Clothing,5,1585,7925
T00546,2025-07-18 13:53:09.189189190,1083,Female,60,Electronics,2,3050,6100
T00547,2025-07-18 22:37:50.270270270,1151,Male,33,Sports,2,4751,9502
T00548,2025-07-19 07:22:31.351351352,1139,Female,64,Home,1,3034,3034
T00549,2025-07-19 16:07:12.432432432,1177,Female,32,Home,1,4214,4214
T00550,2025-07-20 00:51:53.513513514,1162,Male,42,Electronics,2,4770,9540
T00551,2025-07-20 09:36:34.594594596,1123,Male,53,Beauty,5,1103,5515
T00552,2025-07-20 18:21:15.675675676,1032,Male,28,Clothing,2,2566,5132
T00553,2025-07-21 03:05:56.756756758,1160,Male,32,Home,1,2566,2566
T00554,2025-07-21 11:50:37.837837838,1188,Female,21,Sports,2,2038,4076
T00555,2025-07-21 20:35:18.918918920,1178,Female,38,Sports,2,2039,4078
T00556,2025-07-22 05:20:00.000000000,1170,Male,30,Beauty,5,1735,8675
T00557,2025-07-22 14:04:41.081081082,1100,Female,39,Home,4,1798,7192
T00558,2025-07-22 22:49:22.162162162,1011,Female,36,Electronics,1,4627,4627
T00559,2025-07-23 07:34:03.243243244,1066,Female,51,Sports,5,2191,10955
T00560,2025-07-23 16:18:44.324324324,1064,Female,31,Beauty,2,1995,3990
T00561,2025-07-24 01:03:25.405405406,1160,Male,21,Home,2,4340,8680
T00562,2025-07-24 09:48:06.486486488,1167,Male,63,Home,4,3498,13992
T00563,2025-07-24 18:32:47.567567568,1073,Female,44,Home,1,1173,1173
T00564,2025-07-25 03:17:28.648648650,1042,Male,46,Home,1,2502,2502
T00565,2025-07-25 12:02:09.729729730,1043,Male,64,Home,3,4995,14985
T00566,2025-07-25 20:46:50.810810812,1028,Male,45,Sports,1,3312,3312
T00567,2025-07-26 05:31:31.891891892,1140,Female,52,Beauty,4,4137,16548
T00568,2025-07-26 14:16:12.972972974,1011,Female,25,Home,3,1251,3753
T00569,2025-07-26 23:00:54.054054054,1094,Female,33,Clothing,3,2545,7635
T00570,2025-07-27 07:45:35.135135136,1045,Male,59,Clothing,2,2056,4112
T00571,2025-07-27 16:30:16.216216216,1129,Female,53,Beauty,2,4658,9316
T00572,2025-07-28 01:14:57.297297298,1034,Female,47,Electronics,1,4007,4007
T00573,2025-07-28 09:59:38.378378378,1080,Male,35,Electronics,3,907,2721
T00574,2025-07-28 18:44:19.459459460,1089,Female,19,Electronics,2,286,572
T00575,2025-07-29 03:29:00.540540540,1007,Female,30,Clothing,4,4927,19708
T00576,2025-07-29 12:13:41.621621624,1092,Male,21,Electronics,2,4624,9248
T00577,2025-07-29 20:58:22.702702704,1153,Male,43,Sports,2,1407,2814
T00578,2025-07-30 05:43:03.783783784,1089,Male,42,Home,3,2384,7152
T00579,2025-07-30 14:27:44.864864864,1161,Female,47,Clothing,3,4966,14898
T00580,2025-07-30 23:12:25.945945948,1114,Female,28,Beauty,5,857,4285
T00581,2025-07-31 07:57:07.027027028,1104,Female,24,Beauty,4,4331,17324
T00582,2025-07-31 16:41:48.108108108,1134,Male,48,Home,3,4987,14961
T00583,2025-08-01 01:26:29.189189188,1195,Male,61,Clothing,1,3954,3954
T00584,2025-08-01 10:11:10.270270272,1057,Female,27,Electronics,4,4366,17464
T00585,2025-08-01 18:55:51.351351352,1113,Female,56,Electronics,4,2306,9224
T00586,2025-08-02 03:40:32.432432432,1074,Male,30,Sports,3,3658,10974
T00587,2025-08-02 12:25:13.513513516,1156,Male,48,Sports,4,1680,6720
T00588,2025-08-02 21:09:54.594594596,1119,Male,24,Electronics,3,1061,3183
T00589,2025-08-03 05:54:35.675675676,1163,Male,59,Beauty,2,3947,7894
T00590,2025-08-03 14:39:16.756756756,1020,Female,59,Beauty,5,3675,18375
T00591,2025-08-03 23:23:57.837837840,1163,Male,53,Sports,2,975,1950
T00592,2025-08-04 08:08:38.918918920,1137,Female,37,Home,3,2518,7554
T00593,2025-08-04 16:53:20.000000000,1100,Female,21,Electronics,3,4298,12894
T00594,2025-08-05 01:38:01.081081080,1151,Female,24,Sports,2,1101,2202
T00595,2025-08-05 10:22:42.162162164,1191,Male,18,Sports,1,3484,3484
T00596,2025-08-05 19:07:23.243243244,1176,Male,61,Electronics,1,4166,4166
T00597,2025-08-06 03:52:04.324324324,1098,Male,62,Electronics,1,2945,2945
T00598,2025-08-06 12:36:45.405405404,1035,Male,59,Beauty,3,1581,4743
T00599,2025-08-06 21:21:26.486486488,1095,Female,64,Home,4,3401,13604
T00600,2025-08-07 06:06:07.567567568,1151,Male,30,Home,3,757,2271
T00601,2025-08-07 14:50:48.648648648,1150,Male,39,Electronics,4,2880,11520
T00602,2025-08-07 23:35:29.729729732,1189,Female,38,Clothing,2,522,1044
T00603,2025-08-08 08:20:10.810810812,1036,Male,39,Sports,5,3781,18905
T00604,2025-08-08 17:04:51.891891892,1011,Female,45,Sports,4,4366,17464
T00605,2025-08-09 01:49:32.972972972,1112,Female,26,Electronics,1,2810,2810
T00606,2025-08-09 10:34:14.054054056,1182,Female,43,Clothing,3,552,1656
T00607,2025-08-09 19:18:55.135135136,1012,Female,26,Beauty,2,2497,4994
T00608,2025-08-10 04:03:36.216216216,1022,Female,32,Electronics,1,2075,2075
T00609,2025-08-10 12:48:17.297297296,1098,Female,27,Electronics,2,1757,3514
T00610,2025-08-10 21:32:58.378378380,1104,Female,41,Sports,5,2641,13205
T00611,2025-08-11 06:17:39.459459460,1029,Female,59,Electronics,3,3175,9525
T00612,2025-08-11 15:02:20.540540540,1016,Male,25,Electronics,3,3264,9792
T00613,2025-08-11 23:47:01.621621624,1112,Male,41,Electronics,5,3066,15330
T00614,2025-08-12 08:31:42.702702704,1061,Male,33,Sports,3,2153,6459
T00615,2025-08-12 17:16:23.783783784,1083,Male,43,Beauty,4,387,1548
T00616,2025-08-13 02:01:04.864864864,1111,Female,44,Beauty,2,3317,6634
T00617,2025-08-13 10:45:45.945945948,1085,Male,54,Electronics,1,3954,3954
T00618,2025-08-13 19:30:27.027027028,1140,Female,21,Sports,5,1547,7735
T00619,2025-08-14 04:15:08.108108108,1186,Male,41,Beauty,4,707,2828
T00620,2025-08-14 12:59:49.189189188,1018,Male,36,Beauty,1,4652,4652
T00621,2025-08-14 21:44:30.270270272,1176,Male,53,Beauty,1,1864,1864
T00622,2025-08-15 06:29:11.351351352,1099,Female,56,Sports,5,1325,6625
T00623,2025-08-15 15:13:52.432432432,1139,Male,27,Sports,4,1335,5340
T00624,2025-08-15 23:58:33.513513516,1188,Female,42,Electronics,1,1129,1129
T00625,2025-08-16 08:43:14.594594596,1146,Female,35,Home,1,2771,2771
T00626,2025-08-16 17:27:55.675675676,1075,Male,36,Beauty,4,4062,16248
T00627,2025-08-17 02:12:36.756756756,1008,Male,53,Home,3,4642,13926
T00628,2025-08-17 10:57:17.837837840,1198,Male,27,Sports,1,3277,3277
T00629,2025-08-17 19:41:58.918918920,1027,Female,50,Sports,2,3822,7644
T00630,2025-08-18 04:26:40.000000000,1127,Male,22,Sports,4,1575,6300
T00631,2025-08-18 13:11:21.081081080,1051,Female,64,Home,1,2996,2996
T00632,2025-08-18 21:56:02.162162164,1082,Female,52,Sports,5,908,4540
T00633,2025-08-19 06:40:43.243243244,1110,Male,61,Electronics,2,1078,2156
T00634,2025-08-19 15:25:24.324324324,1143,Male,51,Sports,1,2563,2563
T00635,2025-08-20 00:10:05.405405408,1116,Female,50,Clothing,2,825,1650
T00636,2025-08-20 08:54:46.486486488,1068,Female,38,Home,2,2601,5202
T00637,2025-08-20 17:39:27.567567568,1098,Female,34,Clothing,3,3462,10386
T00638,2025-08-21 02:24:08.648648648,1139,Male,39,Sports,2,1316,2632
T00639,2025-08-21 11:08:49.729729732,1024,Female,54,Electronics,3,4151,12453
T00640,2025-08-21 19:53:30.810810812,1179,Male,32,Beauty,4,2297,9188
T00641,2025-08-22 04:38:11.891891892,1122,Female,52,Sports,3,2906,8718
T00642,2025-08-22 13:22:52.972972972,1052,Female,45,Electronics,5,878,4390
T00643,2025-08-22 22:07:34.054054056,1150,Male,24,Home,1,1072,1072
T00644,2025-08-23 06:52:15.135135136,1143,Female,49,Clothing,4,2910,11640
T00645,2025-08-23 15:36:56.216216216,1056,Male,28,Clothing,4,2223,8892
T00646,2025-08-24 00:21:37.297297296,1038,Male,27,Clothing,5,698,3490
T00647,2025-08-24 09:06:18.378378380,1108,Female,26,Home,3,3441,10323
T00648,2025-08-24 17:50:59.459459460,1180,Male,31,Electronics,1,324,324
T00649,2025-08-25 02:35:40.540540540,1041,Male,30,Home,3,940,2820
T00650,2025-08-25 11:20:21.621621624,1185,Female,42,Clothing,2,1914,3828
T00651,2025-08-25 20:05:02.702702704,1166,Male,19,Sports,3,4909,14727
T00652,2025-08-26 04:49:43.783783784,1141,Male,52,Beauty,4,1206,4824
T00653,2025-08-26 13:34:24.864864864,1121,Male,24,Home,1,224,224
T00654,2025-08-26 22:19:05.945945948,1132,Female,38,Home,3,3346,10038
T00655,2025-08-27 07:03:47.027027028,1162,Male,35,Electronics,1,3031,3031
T00656,2025-08-27 15:48:28.108108108,1074,Female,20,Electronics,1,4225,4225
T00657,2025-08-28 00:33:09.189189188,1145,Female,59,Home,2,3071,6142
T00658,2025-08-28 09:17:50.270270272,1075,Male,56,Clothing,2,2117,4234
T00659,2025-08-28 18:02:31.351351352,1008,Male,58,Beauty,4,2515,10060
T00660,2025-08-29 02:47:12.432432432,1073,Male,28,Electronics,5,4690,23450
T00661,2025-08-29 11:31:53.513513516,1185,Female,56,Clothing,1,3196,3196
T00662,2025-08-29 20:16:34.594594596,1144,Male,41,Sports,5,1709,8545
T00663,2025-08-30 05:01:15.675675676,1006,Male,63,Electronics,4,817,3268
T00664,2025-08-30 13:45:56.756756756,1173,Male,36,Clothing,1,3661,3661
T00665,2025-08-30 22:30:37.837837840,1140,Male,21,Clothing,1,1116,1116
T00666,2025-08-31 07:15:18.918918920,1167,Male,43,Beauty,5,3665,18325
T00667,2025-08-31 16:00:00.000000000,1169,Female,55,Beauty,3,4801,14403
T00668,2025-09-01 00:44:41.081081080,1136,Female,59,Sports,2,4570,9140
T00669,2025-09-01 09:29:22.162162164,1177,Male,49,Clothing,3,2060,6180
T00670,2025-09-01 18:14:03.243243244,1026,Male,56,Clothing,5,1148,5740
T00671,2025-09-02 02:58:44.324324324,1121,Male,62,Beauty,2,1457,2914
T00672,2025-09-02 11:43:25.405405408,1193,Male,63,Electronics,3,3526,10578
T00673,2025-09-02 20:28:06.486486488,1004,Female,53,Electronics,2,215,430
T00674,2025-09-03 05:12:47.567567568,1028,Male,57,Home,1,2195,2195
T00675,2025-09-03 13:57:28.648648648,1164,Female,54,Beauty,3,1901,5703
T00676,2025-09-03 22:42:09.729729732,1165,Female,50,Home,2,2246,4492
T00677,2025-09-04 07:26:50.810810812,1082,Male,53,Beauty,2,1720,3440
T00678,2025-09-04 16:11:31.891891892,1135,Female,20,Sports,2,4880,9760
T00679,2025-09-05 00:56:12.972972972,1108,Female,26,Clothing,3,3050,9150
T00680,2025-09-05 09:40:54.054054056,1064,Female,25,Sports,4,3892,15568
T00681,2025-09-05 18:25:35.135135136,1085,Female,50,Beauty,3,3041,9123
T00682,2025-09-06 03:10:16.216216216,1144,Male,23,Clothing,5,1077,5385
T00683,2025-09-06 11:54:57.297297296,1070,Male,58,Electronics,3,3166,9498
T00684,2025-09-06 20:39:38.378378380,1044,Female,56,Electronics,2,883,1766
T00685,2025-09-07 05:24:19.459459460,1131,Male,21,Home,1,340,340
T00686,2025-09-07 14:09:00.540540540,1035,Male,30,Beauty,3,1653,4959
T00687,2025-09-07 22:53:41.621621624,1069,Male,19,Beauty,3,4678,14034
T00688,2025-09-08 07:38:22.702702704,1158,Male,22,Electronics,2,1112,2224
T00689,2025-09-08 16:23:03.783783784,1018,Male,61,Sports,1,286,286
T00690,2025-09-09 01:07:44.864864864,1188,Female,44,Clothing,1,1981,1981
T00691,2025-09-09 09:52:25.945945948,1107,Male,49,Sports,5,4686,23430
T00692,2025-09-09 18:37:07.027027028,1181,Male,38,Sports,3,530,1590
T00693,2025-09-10 03:21:48.108108108,1166,Male,25,Electronics,1,338,338
T00694,2025-09-10 12:06:29.189189188,1090,Male,55,Electronics,1,2445,2445
T00695,2025-09-10 20:51:10.270270272,1089,Female,25,Electronics,4,175,700
T00696,2025-09-11 05:35:51.351351352,1018,Female,20,Home,4,1456,5824
T00697,2025-09-11 14:20:32.432432432,1038,Female,61,Sports,1,2430,2430
T00698,2025-09-11 23:05:13.513513516,1125,Female,20,Beauty,5,4786,23930
T00699,2025-09-12 07:49:54.594594596,1194,Male,39,Clothing,1,2002,2002
T00700,2025-09-12 16:34:35.675675676,1172,Female,23,Home,2,4113,8226
T00701,2025-09-13 01:19:16.756756756,1140,Male,19,Beauty,3,4770,14310
T00702,2025-09-13 10:03:57.837837840,1125,Male,40,Sports,5,2159,10795
T00703,2025-09-13 18:48:38.918918920,1057,Male,61,Electronics,2,240,480
T00704,2025-09-14 03:33:20.000000000,1147,Male,19,Sports,5,1889,9445
T00705,2025-09-14 12:18:01.081081080,1199,Male,55,Clothing,2,3726,7452
T00706,2025-09-14 21:02:42.162162164,1060,Female,34,Home,3,116,348
T00707,2025-09-15 05:47:23.243243244,1126,Female,52,Home,3,4448,13344
T00708,2025-09-15 14:32:04.324324324,1104,Female,51,Clothing,4,564,2256
T00709,2025-09-15 23:16:45.405405408,1166,Female,40,Beauty,2,4571,9142
T00710,2025-09-16 08:01:26.486486488,1000,Male,47,Beauty,4,1927,7708
T00711,2025-09-16 16:46:07.567567568,1130,Female,25,Home,2,3128,6256
T00712,2025-09-17 01:30:48.648648648,1091,Male,39,Home,4,619,2476
T00713,2025-09-17 10:15:29.729729732,1189,Female,61,Electronics,3,189,567
T00714,2025-09-17 19:00:10.810810812,1190,Male,53,Beauty,5,4915,24575
T00715,2025-09-18 03:44:51.891891892,1112,Male,22,Clothing,4,2951,11804
T00716,2025-09-18 12:29:32.972972972,1152,Female,30,Beauty,2,2943,5886
T00717,2025-09-18 21:14:14.054054056,1055,Male,46,Electronics,2,4825,9650
T00718,2025-09-19 05:58:55.135135136,1160,Male,48,Home,3,1984,5952
T00719,2025-09-19 14:43:36.216216216,1165,Female,64,Home,2,4271,8542
T00720,2025-09-19 23:28:17.297297296,1116,Male,33,Electronics,1,1025,1025
T00721,2025-09-20 08:12:58.378378380,1133,Female,59,Clothing,5,3834,19170
T00722,2025-09-20 16:57:39.459459460,1057,Female,47,Home,4,1069,4276
T00723,2025-09-21 01:42:20.540540540,1043,Female,33,Sports,5,1194,5970
T00724,2025-09-21 10:27:01.621621624,1172,Male,29,Home,3,3295,9885
T00725,2025-09-21 19:11:42.702702704,1159,Male,34,Sports,4,1504,6016
T00726,2025-09-22 03:56:23.783783784,1172,Male,33,Electronics,4,3464,13856
T00727,2025-09-22 12:41:04.864864864,1060,Female,29,Electronics,1,4390,4390
T00728,2025-09-22 21:25:45.945945948,1046,Male,25,Home,3,4082,12246
T00729,2025-09-23 06:10:27.027027028,1148,Female,37,Beauty,2,4423,8846
T00730,2025-09-23 14:55:08.108108108,1079,Female,20,Sports,1,4113,4113
T00731,2025-09-23 23:39:49.189189188,1117,Male,33,Clothing,1,4656,4656
T00732,2025-09-24 08:24:30.270270272,1163,Female,47,Home,5,4813,24065
T00733,2025-09-24 17:09:11.351351352,1146,Male,62,Clothing,5,3192,15960
T00734,2025-09-25 01:53:52.432432432,1019,Male,40,Home,5,4259,21295
T00735,2025-09-25 10:38:33.513513516,1184,Male,45,Beauty,1,2174,2174
T00736,2025-09-25 19:23:14.594594596,1145,Male,57,Beauty,2,384,768
T00737,2025-09-26 04:07:55.675675676,1046,Male,22,Beauty,4,1287,5148
T00738,2025-09-26 12:52:36.756756756,1048,Female,37,Beauty,5,4069,20345
T00739,2025-09-26 21:37:17.837837840,1013,Female,57,Electronics,2,3065,6130
T00740,2025-09-27 06:21:58.918918920,1142,Female,61,Electronics,3,4419,13257
T00741,2025-09-27 15:06:40.000000000,1158,Male,18,Sports,5,883,4415
T00742,2025-09-27 23:51:21.081081080,1000,Male,47,Clothing,4,1049,4196
T00743,2025-09-28 08:36:02.162162164,1116,Male,38,Home,3,4039,12117
T00744,2025-09-28 17:20:43.243243244,1053,Female,37,Home,3,144,432
T00745,2025-09-29 02:05:24.324324324,1117,Male,23,Electronics,4,1910,7640
T00746,2025-09-29 10:50:05.405405408,1002,Female,39,Home,5,4666,23330
T00747,2025-09-29 19:34:46.486486488,1143,Female,35,Electronics,1,2181,2181
T00748,2025-09-30 04:19:27.567567568,1184,Male,25,Sports,4,3598,14392
T00749,2025-09-30 13:04:08.648648648,1011,Male,56,Clothing,4,929,3716
T00750,2025-09-30 21:48:49.729729732,1073,Female,49,Sports,4,2009,8036
T00751,2025-10-01 06:33:30.810810812,1015,Male,50,Beauty,3,2681,8043
T00752,2025-10-01 15:18:11.891891892,1199,Female,33,Beauty,2,791,1582
T00753,2025-10-02 00:02:52.972972972,1101,Male,29,Beauty,1,4119,4119
T00754,2025-10-02 08:47:34.054054056,1151,Male,55,Sports,5,1031,5155
T00755,2025-10-02 17:32:15.135135136,1155,Female,51,Home,5,3506,17530
T00756,2025-10-03 02:16:56.216216216,1116,Male,31,Clothing,2,247,494
T00757,2025-10-03 11:01:37.297297300,1007,Female,53,Beauty,4,1132,4528
T00758,2025-10-03 19:46:18.378378380,1121,Male,50,Beauty,1,1411,1411
T00759,2025-10-04 04:30:59.459459460,1091,Female,40,Beauty,5,487,2435
T00760,2025-10-04 13:15:40.540540540,1163,Female,62,Clothing,5,3221,16105
T00761,2025-10-04 22:00:21.621621624,1089,Male,19,Beauty,4,1973,7892
T00762,2025-10-05 06:45:02.702702704,1135,Female,58,Clothing,2,3688,7376
T00763,2025-10-05 15:29:43.783783784,1185,Male,38,Beauty,1,1015,1015
T00764,2025-10-06 00:14:24.864864864,1059,Male,19,Sports,2,1978,3956
T00765,2025-10-06 08:59:05.945945948,1177,Male,44,Sports,2,3848,7696
T00766,2025-10-06 17:43:47.027027028,1027,Female,26,Clothing,1,377,377
T00767,2025-10-07 02:28:28.108108108,1100,Female,18,Sports,1,2077,2077
T00768,2025-10-07 11:13:09.189189188,1040,Male,28,Clothing,5,1959,9795
T00769,2025-10-07 19:57:50.270270272,1191,Male,20,Sports,5,3136,15680
T00770,2025-10-08 04:42:31.351351352,1154,Female,40,Sports,1,3471,3471
T00771,2025-10-08 13:27:12.432432432,1190,Male,43,Clothing,3,4813,14439
T00772,2025-10-08 22:11:53.513513516,1144,Male,21,Home,5,2282,11410
T00773,2025-10-09 06:56:34.594594596,1160,Female,35,Sports,3,4775,14325
T00774,2025-10-09 15:41:15.675675676,1156,Male,23,Beauty,1,1270,1270
T00775,2025-10-10 00:25:56.756756756,1140,Female,52,Home,5,589,2945
T00776,2025-10-10 09:10:37.837837840,1045,Male,39,Clothing,2,2625,5250
T00777,2025-10-10 17:55:18.918918920,1034,Female,60,Home,1,1282,1282
T00778,2025-10-11 02:40:00.000000000,1133,Male,32,Electronics,4,4579,18316
T00779,2025-10-11 11:24:41.081081080,1081,Male,39,Electronics,3,4358,13074
T00780,2025-10-11 20:09:22.162162164,1114,Female,54,Sports,1,2588,2588
T00781,2025-10-12 04:54:03.243243244,1196,Male,59,Sports,1,1976,1976
T00782,2025-10-12 13:38:44.324324324,1046,Female,29,Beauty,5,2562,12810
T00783,2025-10-12 22:23:25.405405408,1152,Male,64,Home,5,1730,8650
T00784,2025-10-13 07:08:06.486486488,1193,Female,59,Electronics,5,387,1935
T00785,2025-10-13 15:52:47.567567568,1009,Female,55,Sports,4,4382,17528
T00786,2025-10-14 00:37:28.648648648,1055,Female,35,Home,5,2007,10035
T00787,2025-10-14 09:22:09.729729732,1029,Female,62,Sports,1,1261,1261
T00788,2025-10-14 18:06:50.810810812,1108,Male,52,Sports,5,229,1145
T00789,2025-10-15 02:51:31.891891892,1004,Male,47,Electronics,2,2463,4926
T00790,2025-10-15 11:36:12.972972972,1118,Female,41,Electronics,5,243,1215
T00791,2025-10-15 20:20:54.054054056,1032,Female,59,Sports,4,115,460
T00792,2025-10-16 05:05:35.135135136,1117,Female,47,Clothing,2,344,688
T00793,2025-10-16 13:50:16.216216216,1064,Male,31,Sports,1,1026,1026
T00794,2025-10-16 22:34:57.297297300,1145,Male,23,Sports,1,3278,3278
T00795,2025-10-17 07:19:38.378378380,1176,Male,20,Beauty,3,2276,6828
T00796,2025-10-17 16:04:19.459459460,1010,Male,33,Beauty,2,986,1972
T00797,2025-10-18 00:49:00.540540540,1084,Female,24,Beauty,3,440,1320
T00798,2025-10-18 09:33:41.621621624,1025,Female,31,Clothing,2,2151,4302
T00799,2025-10-18 18:18:22.702702704,1062,Female,26,Clothing,2,3498,6996
T00800,2025-10-19 03:03:03.783783784,1085,Male,32,Sports,4,4050,16200
T00801,2025-10-19 11:47:44.864864864,1058,Male,38,Beauty,3,405,1215
T00802,2025-10-19 20:32:25.945945948,1026,Male,52,Clothing,4,1007,4028
T00803,2025-10-20 05:17:07.027027028,1176,Female,19,Electronics,2,2754,5508
T00804,2025-10-20 14:01:48.108108108,1160,Female,44,Sports,1,3892,3892
T00805,2025-10-20 22:46:29.189189188,1097,Male,19,Home,2,4142,8284
T00806,2025-10-21 07:31:10.270270272,1104,Female,52,Sports,4,1471,5884
T00807,2025-10-21 16:15:51.351351352,1098,Male,35,Home,3,420,1260
T00808,2025-10-22 01:00:32.432432432,1128,Male,31,Beauty,3,4754,14262
T00809,2025-10-22 09:45:13.513513516,1148,Female,37,Home,4,4159,16636
T00810,2025-10-22 18:29:54.594594596,1054,Male,35,Beauty,3,1231,3693
T00811,2025-10-23 03:14:35.675675676,1005,Female,27,Electronics,5,2678,13390
T00812,2025-10-23 11:59:16.756756756,1196,Male,42,Home,1,4142,4142
T00813,2025-10-23 20:43:57.837837840,1094,Female,19,Sports,1,3467,3467
T00814,2025-10-24 05:28:38.918918920,1132,Female,42,Beauty,1,917,917
T00815,2025-10-24 14:13:20.000000000,1101,Female,50,Sports,3,111,333
T00816,2025-10-24 22:58:01.081081080,1002,Male,53,Clothing,3,294,882
T00817,2025-10-25 07:42:42.162162164,1180,Male,48,Beauty,2,2637,5274
T00818,2025-10-25 16:27:23.243243244,1022,Female,31,Home,2,2942,5884
T00819,2025-10-26 01:12:04.324324324,1052,Female,18,Beauty,1,2329,2329
T00820,2025-10-26 09:56:45.405405408,1164,Male,63,Sports,5,3109,15545
T00821,2025-10-26 18:41:26.486486488,1082,Male,33,Electronics,2,4851,9702
T00822,2025-10-27 03:26:07.567567568,1144,Male,63,Beauty,2,2177,4354
T00823,2025-10-27 12:10:48.648648648,1084,Female,20,Home,3,3967,11901
T00824,2025-10-27 20:55:29.729729732,1077,Male,52,Clothing,5,4973,24865
T00825,2025-10-28 05:40:10.810810812,1109,Male,58,Electronics,1,543,543
T00826,2025-10-28 14:24:51.891891892,1000,Female,23,Clothing,2,397,794
T00827,2025-10-28 23:09:32.972972972,1050,Male,42,Beauty,5,944,4720
T00828,2025-10-29 07:54:14.054054056,1172,Male,30,Sports,5,1115,5575
T00829,2025-10-29 16:38:55.135135136,1003,Male,51,Sports,1,1484,1484
T00830,2025-10-30 01:23:36.216216216,1189,Female,25,Home,5,1497,7485
T00831,2025-10-30 10:08:17.297297300,1192,Female,38,Sports,5,653,3265
T00832,2025-10-30 18:52:58.378378380,1112,Female,51,Electronics,5,2450,12250
T00833,2025-10-31 03:37:39.459459460,1031,Female,21,Sports,2,4616,9232
T00834,2025-10-31 12:22:20.540540540,1033,Female,42,Home,1,1369,1369
T00835,2025-10-31 21:07:01.621621624,1091,Female,32,Beauty,5,1360,6800
T00836,2025-11-01 05:51:42.702702704,1094,Female,21,Beauty,5,284,1420
T00837,2025-11-01 14:36:23.783783784,1071,Male,62,Sports,2,4663,9326
T00838,2025-11-01 23:21:04.864864864,1038,Male,29,Clothing,1,2510,2510
T00839,2025-11-02 08:05:45.945945948,1153,Female,49,Beauty,3,4531,13593
T00840,2025-11-02 16:50:27.027027028,1161,Male,49,Sports,2,2309,4618
T00841,2025-11-03 01:35:08.108108108,1181,Male,45,Home,1,3772,3772
T00842,2025-11-03 10:19:49.189189188,1117,Female,30,Sports,5,4783,23915
T00843,2025-11-03 19:04:30.270270272,1002,Male,48,Beauty,1,1981,1981
T00844,2025-11-04 03:49:11.351351352,1122,Male,31,Home,1,4396,4396
T00845,2025-11-04 12:33:52.432432432,1049,Male,37,Sports,1,621,621
T00846,2025-11-04 21:18:33.513513516,1011,Male,35,Electronics,3,1987,5961
T00847,2025-11-05 06:03:14.594594596,1192,Male,46,Home,1,2652,2652
T00848,2025-11-05 14:47:55.675675676,1053,Female,23,Electronics,3,3909,11727
T00849,2025-11-05 23:32:36.756756756,1132,Female,49,Clothing,5,4983,24915
T00850,2025-11-06 08:17:17.837837840,1056,Female,46,Home,3,4255,12765
T00851,2025-11-06 17:01:58.918918920,1144,Male,60,Electronics,5,4773,23865
T00852,2025-11-07 01:46:40.000000000,1111,Female,19,Beauty,5,4516,22580
T00853,2025-11-07 10:31:21.081081080,1046,Male,40,Beauty,3,3579,10737
T00854,2025-11-07 19:16:02.162162164,1150,Male,36,Clothing,2,1509,3018
T00855,2025-11-08 04:00:43.243243244,1084,Male,48,Home,4,1794,7176
T00856,2025-11-08 12:45:24.324324324,1141,Male,22,Home,1,4764,4764
T00857,2025-11-08 21:30:05.405405408,1065,Female,36,Home,4,626,2504
T00858,2025-11-09 06:14:46.486486488,1074,Female,51,Clothing,1,2760,2760
T00859,2025-11-09 14:59:27.567567568,1178,Male,27,Home,1,2272,2272
T00860,2025-11-09 23:44:08.648648648,1102,Female,42,Beauty,5,379,1895
T00861,2025-11-10 08:28:49.729729732,1165,Male,19,Electronics,1,3064,3064
T00862,2025-11-10 17:13:30.810810812,1191,Female,28,Beauty,1,4077,4077
T00863,2025-11-11 01:58:11.891891892,1037,Female,48,Beauty,3,2769,8307
T00864,2025-11-11 10:42:52.972972972,1049,Male,32,Electronics,4,2993,11972
T00865,2025-11-11 19:27:34.054054056,1097,Female,26,Beauty,3,1851,5553
T00866,2025-11-12 04:12:15.135135136,1081,Male,40,Clothing,1,4081,4081
T00867,2025-11-12 12:56:56.216216216,1029,Female,36,Electronics,5,4869,24345
T00868,2025-11-12 21:41:37.297297300,1078,Male,26,Beauty,3,2461,7383
T00869,2025-11-13 06:26:18.378378380,1090,Male,52,Sports,3,4527,13581
T00870,2025-11-13 15:10:59.459459460,1178,Female,38,Beauty,2,4231,8462
T00871,2025-11-13 23:55:40.540540540,1190,Female,26,Clothing,1,1808,1808
T00872,2025-11-14 08:40:21.621621624,1051,Male,45,Home,5,2786,13930
T00873,2025-11-14 17:25:02.702702704,1165,Female,63,Beauty,3,2995,8985
T00874,2025-11-15 02:09:43.783783784,1078,Female,24,Home,3,4635,13905
T00875,2025-11-15 10:54:24.864864864,1029,Male,33,Sports,5,2876,14380
T00876,2025-11-15 19:39:05.945945948,1105,Male,33,Beauty,1,1219,1219
T00877,2025-11-16 04:23:47.027027028,1050,Female,50,Electronics,2,3088,6176
T00878,2025-11-16 13:08:28.108108108,1080,Male,21,Home,3,4359,13077
T00879,2025-11-16 21:53:09.189189192,1132,Male,21,Sports,2,4343,8686
T00880,2025-11-17 06:37:50.270270272,1028,Male,56,Electronics,4,294,1176
T00881,2025-11-17 15:22:31.351351352,1131,Female,57,Electronics,1,762,762
T00882,2025-11-18 00:07:12.432432432,1137,Female,34,Electronics,4,579,2316
T00883,2025-11-18 08:51:53.513513516,1183,Male,54,Electronics,4,4318,17272
T00884,2025-11-18 17:36:34.594594596,1144,Female,56,Beauty,4,1523,6092
T00885,2025-11-19 02:21:15.675675676,1073,Male,46,Beauty,1,2808,2808
T00886,2025-11-19 11:05:56.756756756,1016,Female,53,Beauty,1,3275,3275
T00887,2025-11-19 19:50:37.837837840,1083,Male,55,Sports,5,3914,19570
T00888,2025-11-20 04:35:18.918918920,1068,Male,56,Sports,2,2114,4228
T00889,2025-11-20 13:20:00.000000000,1033,Female,54,Sports,2,3889,7778
T00890,2025-11-20 22:04:41.081081080,1005,Male,52,Clothing,5,4905,24525
T00891,2025-11-21 06:49:22.162162164,1052,Female,24,Sports,5,2543,12715
T00892,2025-11-21 15:34:03.243243244,1193,Female,44,Beauty,4,1011,4044
T00893,2025-11-22 00:18:44.324324324,1125,Male,45,Beauty,5,3313,16565
T00894,2025-11-22 09:03:25.405405408,1042,Male,39,Clothing,3,2464,7392
T00895,2025-11-22 17:48:06.486486488,1114,Female,31,Clothing,2,3729,7458
T00896,2025-11-23 02:32:47.567567568,1110,Male,24,Sports,5,3572,17860
T00897,2025-11-23 11:17:28.648648648,1150,Male,54,Home,3,780,2340
T00898,2025-11-23 20:02:09.729729732,1182,Male,39,Clothing,3,4751,14253
T00899,2025-11-24 04:46:50.810810812,1079,Male,22,Electronics,3,709,2127
T00900,2025-11-24 13:31:31.891891892,1094,Male,19,Beauty,3,2256,6768
T00901,2025-11-24 22:16:12.972972972,1117,Female,44,Electronics,4,3966,15864
T00902,2025-11-25 07:00:54.054054056,1143,Female,38,Beauty,3,471,1413
T00903,2025-11-25 15:45:35.135135136,1007,Male,55,Beauty,4,715,2860
T00904,2025-11-26 00:30:16.216216216,1131,Male,32,Clothing,4,2353,9412
T00905,2025-11-26 09:14:57.297297300,1103,Male,38,Clothing,3,4238,12714
T00906,2025-11-26 17:59:38.378378380,1131,Female,27,Electronics,2,964,1928
T00907,2025-11-27 02:44:19.459459460,1183,Male,40,Beauty,3,1368,4104
T00908,2025-11-27 11:29:00.540540540,1024,Female,56,Electronics,3,884,2652
T00909,2025-11-27 20:13:41.621621624,1194,Female,22,Home,3,4671,14013
T00910,2025-11-28 04:58:22.702702704,1095,Female,18,Electronics,2,4278,8556
T00911,2025-11-28 13:43:03.783783784,1194,Male,30,Sports,1,2337,2337
T00912,2025-11-28 22:27:44.864864864,1154,Female,38,Electronics,1,4154,4154
T00913,2025-11-29 07:12:25.945945948,1092,Male,43,Sports,4,4995,19980
T00914,2025-11-29 15:57:07.027027028,1159,Female,62,Sports,4,1035,4140
T00915,2025-11-30 00:41:48.108108108,1177,Male,38,Sports,2,4080,8160
T00916,2025-11-30 09:26:29.189189192,1060,Female,35,Home,5,2438,12190
T00917,2025-11-30 18:11:10.270270272,1121,Male,54,Electronics,1,425,425
T00918,2025-12-01 02:55:51.351351352,1050,Female,62,Electronics,4,1634,6536
T00919,2025-12-01 11:40:32.432432432,1146,Male,49,Home,1,3580,3580
T00920,2025-12-01 20:25:13.513513516,1020,Male,53,Beauty,2,3961,7922
T00921,2025-12-02 05:09:54.594594596,1004,Male,34,Clothing,2,2085,4170
T00922,2025-12-02 13:54:35.675675676,1091,Male,52,Electronics,5,4703,23515
T00923,2025-12-02 22:39:16.756756756,1169,Female,28,Clothing,5,2878,14390
T00924,2025-12-03 07:23:57.837837840,1060,Female,38,Home,2,1370,2740
T00925,2025-12-03 16:08:38.918918920,1021,Male,43,Beauty,4,740,2960
T00926,2025-12-04 00:53:20.000000000,1148,Female,21,Beauty,1,4803,4803
T00927,2025-12-04 09:38:01.081081080,1069,Male,51,Beauty,3,4178,12534
T00928,2025-12-04 18:22:42.162162164,1000,Male,35,Home,5,4761,23805
T00929,2025-12-05 03:07:23.243243244,1132,Female,57,Sports,3,1467,4401
T00930,2025-12-05 11:52:04.324324324,1011,Male,52,Sports,4,4142,16568
T00931,2025-12-05 20:36:45.405405408,1089,Male,58,Clothing,5,2675,13375
T00932,2025-12-06 05:21:26.486486488,1045,Female,46,Sports,3,3703,11109
T00933,2025-12-06 14:06:07.567567568,1033,Male,46,Sports,4,1681,6724
T00934,2025-12-06 22:50:48.648648648,1176,Male,55,Beauty,1,2086,2086
T00935,2025-12-07 07:35:29.729729732,1077,Male,59,Beauty,4,2340,9360
T00936,2025-12-07 16:20:10.810810812,1044,Male,38,Clothing,5,4066,20330
T00937,2025-12-08 01:04:51.891891892,1154,Female,59,Electronics,2,2205,4410
T00938,2025-12-08 09:49:32.972972972,1072,Female,30,Clothing,1,228,228
T00939,2025-12-08 18:34:14.054054056,1025,Female,58,Clothing,3,4901,14703
T00940,2025-12-09 03:18:55.135135136,1046,Male,34,Home,5,4096,20480
T00941,2025-12-09 12:03:36.216216216,1120,Male,26,Home,2,951,1902
T00942,2025-12-09 20:48:17.297297300,1055,Female,58,Clothing,4,4203,16812
T00943,2025-12-10 05:32:58.378378380,1093,Male,18,Clothing,2,2176,4352
T00944,2025-12-10 14:17:39.459459460,1106,Male,19,Clothing,5,3094,15470
T00945,2025-12-10 23:02:20.540540540,1062,Male,46,Sports,5,3844,19220
T00946,2025-12-11 07:47:01.621621624,1047,Male,50,Home,2,2856,5712
T00947,2025-12-11 16:31:42.702702704,1060,Female,27,Clothing,4,1744,6976
T00948,2025-12-12 01:16:23.783783784,1080,Female,57,Beauty,2,4471,8942
T00949,2025-12-12 10:01:04.864864864,1025,Female,38,Beauty,5,3244,16220
T00950,2025-12-12 18:45:45.945945948,1035,Male,45,Sports,5,342,1710
T00951,2025-12-13 03:30:27.027027028,1000,Female,28,Sports,3,4185,12555
T00952,2025-12-13 12:15:08.108108108,1007,Female,51,Electronics,3,270,810
T00953,2025-12-13 20:59:49.189189192,1112,Male,25,Electronics,1,752,752
T00954,2025-12-14 05:44:30.270270272,1098,Male,39,Electronics,5,3612,18060
T00955,2025-12-14 14:29:11.351351352,1179,Female,25,Sports,3,1599,4797
T00956,2025-12-14 23:13:52.432432432,1046,Female,32,Sports,2,2199,4398
T00957,2025-12-15 07:58:33.513513516,1126,Female,34,Sports,4,2258,9032
T00958,2025-12-15 16:43:14.594594596,1055,Female,40,Beauty,2,2072,4144
T00959,2025-12-16 01:27:55.675675676,1013,Male,41,Sports,4,4025,16100
T00960,2025-12-16 10:12:36.756756756,1027,Female,62,Beauty,3,2358,7074
T00961,2025-12-16 18:57:17.837837840,1077,Female,36,Electronics,1,4139,4139
T00962,2025-12-17 03:41:58.918918920,1129,Male,22,Electronics,2,2135,4270
T00963,2025-12-17 12:26:40.000000000,1108,Female,49,Electronics,2,3371,6742
T00964,2025-12-17 21:11:21.081081080,1153,Male,61,Clothing,2,957,1914
T00965,2025-12-18 05:56:02.162162164,1013,Male,18,Clothing,4,3923,15692
T00966,2025-12-18 14:40:43.243243244,1186,Male,40,Home,3,1149,3447
T00967,2025-12-18 23:25:24.324324324,1055,Female,54,Home,2,4090,8180
T00968,2025-12-19 08:10:05.405405408,1114,Female,25,Home,2,398,796
T00969,2025-12-19 16:54:46.486486488,1006,Male,30,Clothing,1,1023,1023
T00970,2025-12-20 01:39:27.567567568,1002,Female,25,Clothing,1,4332,4332
T00971,2025-12-20 10:24:08.648648648,1110,Female,40,Home,3,4406,13218
T00972,2025-12-20 19:08:49.729729732,1150,Male,60,Home,3,2899,8697
T00973,2025-12-21 03:53:30.810810812,1106,Male,18,Sports,5,4975,24875
T00974,2025-12-21 12:38:11.891891892,1017,Female,62,Home,1,4162,4162
T00975,2025-12-21 21:22:52.972972972,1037,Male,41,Sports,5,4145,20725
T00976,2025-12-22 06:07:34.054054056,1114,Female,52,Beauty,4,1902,7608
T00977,2025-12-22 14:52:15.135135136,1014,Female,41,Clothing,5,2813,14065
T00978,2025-12-22 23:36:56.216216216,1191,Female,34,Home,2,4606,9212
T00979,2025-12-23 08:21:37.297297300,1118,Female,22,Clothing,5,2953,14765
T00980,2025-12-23 17:06:18.378378380,1027,Male,37,Clothing,3,2757,8271
T00981,2025-12-24 01:50:59.459459460,1038,Male,38,Clothing,4,4622,18488
T00982,2025-12-24 10:35:40.540540540,1184,Male,57,Beauty,2,3446,6892
T00983,2025-12-24 19:20:21.621621624,1016,Male,48,Electronics,5,1571,7855
T00984,2025-12-25 04:05:02.702702704,1085,Female,63,Home,4,3049,12196
T00985,2025-12-25 12:49:43.783783784,1125,Female,53,Electronics,4,1041,4164
T00986,2025-12-25 21:34:24.864864864,1043,Male,28,Electronics,2,2007,4014
T00987,2025-12-26 06:19:05.945945948,1024,Female,32,Electronics,5,4937,24685
T00988,2025-12-26 15:03:47.027027028,1144,Female,36,Clothing,4,1343,5372
T00989,2025-12-26 23:48:28.108108108,1012,Female,24,Sports,4,4523,18092
T00990,2025-12-27 08:33:09.189189192,1024,Male,45,Clothing,1,1566,1566
T00991,2025-12-27 17:17:50.270270272,1067,Male,60,Clothing,4,4057,16228
T00992,2025-12-28 02:02:31.351351352,1137,Male,22,Electronics,1,2066,2066
T00993,2025-12-28 10:47:12.432432432,1066,Female,22,Clothing,5,475,2375
T00994,2025-12-28 19:31:53.513513516,1108,Male,47,Electronics,5,362,1810
T00995,2025-12-29 04:16:34.594594596,1145,Male,49,Sports,5,4462,22310
T00996,2025-12-29 13:01:15.675675676,1110,Male,25,Home,3,3488,10464
T00997,2025-12-29 21:45:56.756756756,1110,Male,27,Electronics,5,3495,17475
T00998,2025-12-30 06:30:37.837837840,1033,Male,55,Sports,4,2044,8176
T00999,2025-12-30 15:15:18.918918920,1110,Male,64,Home,2,1993,3986
T01000,2025-12-31 00:00:00.000000000,1007,Female,49,Beauty,1,3734,3734
